"","RUN","A","B","C","D","E","Run label","Overall error rate","False positives","False negatives"
"1",1,"-","-","-","-","+","e",99.97,0.000594648166501487,0
"2",2,"+","-","-","-","-","a",99.94,0.000401364639775236,0.000797289216663345
"3",3,"-","+","-","-","-","b",99.98,0.000401364639775236,0
"4",4,"+","+","-","-","+","abe",99.99,0,0.000199322304165836
"5",5,"-","-","+","-","-","c",99.97,0.000602046959662854,0
"6",6,"+","-","+","-","+","ace",99.97,0.000602046959662854,0
"7",7,"-","+","+","-","+","bce",99.96,0.000401364639775236,0.000398644608331672
"8",8,"+","+","+","-","-","abc",99.97,0.000401364639775236,0.000199322304165836
"9",9,"-","-","-","+","-","d",99.96,0.000602046959662854,0.000199322304165836
"10",10,"+","-","-","+","+","ade",99.96,0.000802729279550472,0
"11",11,"-","+","-","+","+","bde",99.97,0.000602046959662854,0
"12",12,"+","+","-","+","-","abd",99.95,0.000200682319887618,0.000797289216663345
"13",13,"-","-","+","+","+","cde",99.98,0.000401364639775236,0
"14",14,"+","-","+","+","-","acd",99.96,0.000602046959662854,0.000199322304165836
"15",15,"-","+","+","+","-","bcd",99.95,0.000602046959662854,0.000398644608331672
"16",16,"+","+","+","+","+","abcd",99.96,0.000401364639775236,0.000398644608331672
