"","RUN","A","B","C","D","E","Run label","Overall error rate","False positives","False negatives"
"1",1,"-","-","-","-","+","e",99.5,0.00840336134453781,0.00190839694656489
"2",2,"+","-","-","-","-","a",99.8,0.00200400801603206,0.00199600798403194
"3",3,"-","+","-","-","-","b",99.7,0.00601202404809619,0
"4",4,"+","+","-","-","+","abe",99.8,0.00200400801603206,0.00199600798403194
"5",5,"-","-","+","-","-","c",100,0,0
"6",6,"+","-","+","-","+","ace",99.9,0.00200400801603206,0
"7",7,"-","+","+","-","+","bce",99.8,0.00200400801603206,0.00199600798403194
"8",8,"+","+","+","-","-","abc",99.9,0,0.00199600798403194
"9",9,"-","-","-","+","-","d",99.8,0,0.00399201596806387
"10",10,"+","-","-","+","+","ade",99.8,0.00400801603206413,0
"11",11,"-","+","-","+","+","bde",99.9,0.00200400801603206,0
"12",12,"+","+","-","+","-","abd",99.9,0,0.00199600798403194
"13",13,"-","-","+","+","+","cde",99.9,0.00200400801603206,0
"14",14,"+","-","+","+","-","acd",99.9,0.00200400801603206,0
"15",15,"-","+","+","+","-","bcd",99.9,0.00200400801603206,0
"16",16,"+","+","+","+","+","abcd",99.9,0,0.00199600798403194
