"","RUN","A","B","C","D","E","Run label","Overall error rate","False positives","False negatives"
"1",1,"-","-","-","-","+","e",99.8,0.00210084033613445,0.00190839694656489
"2",2,"+","-","-","-","-","a",99.5,0.00400801603206413,0.00598802395209581
"3",3,"-","+","-","-","-","b",99.8,0.00400801603206413,0
"4",4,"+","+","-","-","+","abe",99.9,0.00200400801603206,0
"5",5,"-","-","+","-","-","c",99.6,0.00801603206412826,0
"6",6,"+","-","+","-","+","ace",99.6,0.00200400801603206,0.00598802395209581
"7",7,"-","+","+","-","+","bce",99.9,0.00200400801603206,0
"8",8,"+","+","+","-","-","abc",99.8,0.00400801603206413,0
"9",9,"-","-","-","+","-","d",99.7,0.00400801603206413,0.00199600798403194
"10",10,"+","-","-","+","+","ade",99.8,0,0.00399201596806387
"11",11,"-","+","-","+","+","bde",99.8,0.00200400801603206,0.00199600798403194
"12",12,"+","+","-","+","-","abd",99.8,0.00200400801603206,0.00199600798403194
"13",13,"-","-","+","+","+","cde",99.8,0.00200400801603206,0.00199600798403194
"14",14,"+","-","+","+","-","acd",99.7,0.00200400801603206,0.00399201596806387
"15",15,"-","+","+","+","-","bcd",99.8,0.00400801603206413,0
"16",16,"+","+","+","+","+","abcd",99.8,0.00200400801603206,0.00199600798403194
