"","RUN","A","B","C","D","E","Run label","Overall error rate","False positives","False negatives"
"1",1,"-","-","-","-","+","e",85,0.230769230769231,0
"2",2,"+","-","-","-","-","a",70,0.111111111111111,0.454545454545455
"3",3,"-","+","-","-","-","b",80,0.333333333333333,0.0909090909090909
"4",4,"+","+","-","-","+","abe",80,0.333333333333333,0.0909090909090909
"5",5,"-","-","+","-","-","c",80,0.444444444444444,0
"6",6,"+","-","+","-","+","ace",75,0.222222222222222,0.272727272727273
"7",7,"-","+","+","-","+","bce",65,0.111111111111111,0.545454545454545
"8",8,"+","+","+","-","-","abc",80,0.222222222222222,0.181818181818182
"9",9,"-","-","-","+","-","d",80,0.444444444444444,0
"10",10,"+","-","-","+","+","ade",90,0.222222222222222,0
"11",11,"-","+","-","+","+","bde",80,0.444444444444444,0
"12",12,"+","+","-","+","-","abd",80,0.444444444444444,0
"13",13,"-","-","+","+","+","cde",85,0.333333333333333,0
"14",14,"+","-","+","+","-","acd",85,0.333333333333333,0
"15",15,"-","+","+","+","-","bcd",80,0.444444444444444,0
"16",16,"+","+","+","+","+","abcd",80,0.444444444444444,0
