"","RUN","A","B","C","D","E","Run label","Overall error rate","False positives","False negatives"
"1",1,"-","-","-","-","+","e",95,0.1,0
"2",2,"+","-","-","-","-","a",90,0.2,0
"3",3,"-","+","-","-","-","b",95,0.111111111111111,0
"4",4,"+","+","-","-","+","abe",95,0.111111111111111,0
"5",5,"-","-","+","-","-","c",85,0.333333333333333,0
"6",6,"+","-","+","-","+","ace",85,0.111111111111111,0.181818181818182
"7",7,"-","+","+","-","+","bce",95,0.111111111111111,0
"8",8,"+","+","+","-","-","abc",85,0.222222222222222,0.0909090909090909
"9",9,"-","-","-","+","-","d",80,0.333333333333333,0.0909090909090909
"10",10,"+","-","-","+","+","ade",85,0.222222222222222,0.0909090909090909
"11",11,"-","+","-","+","+","bde",80,0.444444444444444,0
"12",12,"+","+","-","+","-","abd",95,0.111111111111111,0
"13",13,"-","-","+","+","+","cde",80,0.444444444444444,0
"14",14,"+","-","+","+","-","acd",85,0.111111111111111,0.181818181818182
"15",15,"-","+","+","+","-","bcd",85,0.222222222222222,0.0909090909090909
"16",16,"+","+","+","+","+","abcd",75,0.444444444444444,0.0909090909090909
