"","RUN","A","B","C","D","E","Run label","Overall error rate","False positives","False negatives"
"1",1,"-","-","-","-","+","e",100,0,0
"2",2,"+","-","-","-","-","a",99,0.00980392156862745,0.0102040816326531
"3",3,"-","+","-","-","-","b",99,0.00980392156862745,0.0102040816326531
"4",4,"+","+","-","-","+","abe",99,0.00980392156862745,0.0102040816326531
"5",5,"-","-","+","-","-","c",99,0.00980392156862745,0.0102040816326531
"6",6,"+","-","+","-","+","ace",99,0.00980392156862745,0.0102040816326531
"7",7,"-","+","+","-","+","bce",99,0.00980392156862745,0.0102040816326531
"8",8,"+","+","+","-","-","abc",99,0.00980392156862745,0.0102040816326531
"9",9,"-","-","-","+","-","d",99,0.00980392156862745,0.0102040816326531
"10",10,"+","-","-","+","+","ade",99,0.00980392156862745,0.0102040816326531
"11",11,"-","+","-","+","+","bde",99,0.00980392156862745,0.0102040816326531
"12",12,"+","+","-","+","-","abd",99,0.00980392156862745,0.0102040816326531
"13",13,"-","-","+","+","+","cde",99,0.00980392156862745,0.0102040816326531
"14",14,"+","-","+","+","-","acd",99,0.00980392156862745,0.0102040816326531
"15",15,"-","+","+","+","-","bcd",99,0.00980392156862745,0.0102040816326531
"16",16,"+","+","+","+","+","abcd",99,0.00980392156862745,0.0102040816326531
